{
  "r2": 0.9826442351321559,
  "mae": 9690.18557457379,
  "rmse": 47529.68509060775
}